feature,adjusted rand score,normalized mutual information,homogeneity,completeness
shots,0.013098355644124487,0.13590847991332228,0.23592760994921505,0.09544537577355987
aggression,0.11940779066784499,0.1743577432436988,0.25728114893595394,0.13185878877089927
suicide,0.018048220390055436,0.05500198939084551,0.3203978669759602,0.030083148281935892
injuries,0.19676649296087556,0.2520923037040313,0.3739725602221604,0.19012820144546497
death,0.16723764708557773,0.26093851963639353,0.4090014664147837,0.191583297456804
drugs,-0.021249772082463605,0.05165273365168047,0.1492917456378857,0.03122870090394852
illegal_holding,-0.0126074855588801,0.04095451507289069,0.10180653352947039,0.025633064852987414
unharmed,0.33951692235693415,0.5012093365279001,0.841450196638092,0.35689759380829944
arrested,0.45366549563745945,0.5141490425567189,0.7615887832490931,0.38806647625768437
