feature,adjusted rand score,normalized mutual information,homogeneity,completeness
aggression,0.3647332718350792,0.2123317018683151,0.2637004958821513,0.17771321061681453
injuries,0.35224093001009504,0.23491355010630302,0.27113898404039555,0.2072270490282721
death,0.8379841276703693,0.772892409839019,0.9851454768367506,0.6358880805016383
killed,0.8379841276703693,0.772892409839019,0.9851454768367506,0.6358880805016383
n_males,0.25481366026194435,0.3754744899235147,0.9676505972352272,0.2329285127392481
n_females,0.2331989843969481,0.20237444412407657,0.3080434573145666,0.15068466117057056
