,precision-Non-Fatal,recall-Non-Fatal,f1-score-Non-Fatal,precision-Fatal,recall-Fatal,f1-score-Fatal,precision-macro avg,recall-macro avg,f1-score-macro avg,precision-weighted avg,recall-weighted avg,f1-score-weighted avg,accuracy,auroc,train_time,score_time,params
BernoulliNB,0.7934111445783133,0.7043585801189919,0.7462374729983356,0.49297793063915163,0.6104919429261021,0.5454776100469364,0.6431945376087325,0.657425261522547,0.645857541522636,0.6972356489582481,0.6743097375298261,0.6819696809429701,0.6743097375298261,0.735804994834251,1704191955.1805313,0.06290888786315918,"{'alpha': 1.0, 'binarize': 0.0, 'class_prior': None, 'fit_prior': True, 'force_alpha': 'warn'}"
