,precision-Non-Fatal,recall-Non-Fatal,f1-score-Non-Fatal,precision-Fatal,recall-Fatal,f1-score-Fatal,precision-macro avg,recall-macro avg,f1-score-macro avg,precision-weighted avg,recall-weighted avg,f1-score-weighted avg,accuracy,auroc,train_time,score_time,params
DecisionTreeClassifier nan,0.8908408121698174,0.4678120195200214,0.6134695040434811,0.4372658514172616,0.8782565485908994,0.5838465350038933,0.6640533317935395,0.6730342840554604,0.5986580195236872,0.7456411650360542,0.5992046358368367,0.6039865188176959,0.5992046358368367,0.7582456195914464,0.7664139270782471,0.003983974456787109,"{'class_weight': 'balanced', 'criterion': 'gini', 'min_samples_leaf': 1, 'min_samples_split': 0.01, 'random_state': 42}"
