,precision-Non-Fatal,recall-Non-Fatal,f1-score-Non-Fatal,precision-Fatal,recall-Fatal,f1-score-Fatal,precision-macro avg,recall-macro avg,f1-score-macro avg,precision-weighted avg,recall-weighted avg,f1-score-weighted avg,accuracy,auroc,train_time,score_time,params
DecisionTreeClassifier,0.8509388482651057,0.7020974346118493,0.7693857367861984,0.5387024145337853,0.7388110026619343,0.6230842911877394,0.6948206313994455,0.7204542186368919,0.6962350139869689,0.7509813261610272,0.713850698784229,0.72254965872988,0.713850698784229,0.8030108948677185,0.48230504989624023,0.008890867233276367,"{'class_weight': 'balanced', 'criterion': 'gini', 'min_samples_leaf': 1, 'min_samples_split': 0.01, 'random_state': 42}"
