,precision-Non-Fatal,recall-Non-Fatal,f1-score-Non-Fatal,precision-Fatal,recall-Fatal,f1-score-Fatal,precision-macro avg,recall-macro avg,f1-score-macro avg,precision-weighted avg,recall-weighted avg,f1-score-weighted avg,accuracy,auroc,train_time,score_time,params
DecisionTreeClassifier SMOTE,0.8145468800114037,0.7639882345076543,0.7884578899256628,0.5571374811841445,0.6305813870944843,0.5915886916852586,0.6858421805977741,0.6972848108010693,0.6900232908054607,0.7321442848226842,0.7212816725372116,0.7254355880142306,0.7212816725372116,0.7845050257410007,0.5710318088531494,0.004477977752685547,"{'class_weight': 'balanced', 'criterion': 'gini', 'min_samples_leaf': 1, 'min_samples_split': 0.01, 'random_state': 42}"
