,precision-Non-Fatal,recall-Non-Fatal,f1-score-Non-Fatal,precision-Fatal,recall-Fatal,f1-score-Fatal,precision-macro avg,recall-macro avg,f1-score-macro avg,precision-weighted avg,recall-weighted avg,f1-score-weighted avg,accuracy,auroc,train_time,score_time,params
DecisionTreeClassifier,0.8400162173119805,0.6925262383849188,0.7591741018265761,0.52435367114788,0.7198835806062327,0.6067550183983007,0.6821849442299303,0.7062049094955758,0.6829645601124383,0.7389654665378939,0.7012839450062492,0.710381291276545,0.7012839450062492,0.7876676123132009,0.48230504989624023,0.004085063934326172,"{'class_weight': 'balanced', 'criterion': 'gini', 'min_samples_leaf': 1, 'min_samples_split': 0.01, 'random_state': 42}"
