,precision-Non-Fatal,recall-Non-Fatal,f1-score-Non-Fatal,precision-Fatal,recall-Fatal,f1-score-Fatal,precision-macro avg,recall-macro avg,f1-score-macro avg,precision-weighted avg,recall-weighted avg,f1-score-weighted avg,accuracy,auroc,train_time,score_time,params
DecisionTreeClassifier over,0.8356524859455364,0.7005481649842904,0.7621593119874907,0.526580004227436,0.7073897920068148,0.6037381478900972,0.6811162450864863,0.7039689784955526,0.682948729938794,0.7367113644829099,0.7027383251903193,0.7114450990880478,0.7027383251903193,0.7845354216410922,0.5305161476135254,0.00583195686340332,"{'class_weight': 'balanced', 'criterion': 'gini', 'min_samples_leaf': 1, 'min_samples_split': 0.01, 'random_state': 42}"
