,precision-Non-Fatal,recall-Non-Fatal,f1-score-Non-Fatal,precision-Fatal,recall-Fatal,f1-score-Fatal,precision-macro avg,recall-macro avg,f1-score-macro avg,precision-weighted avg,recall-weighted avg,f1-score-weighted avg,accuracy,auroc,train_time,score_time,params
GaussianNB,0.7489460677424045,0.6888160973327094,0.7176237072117562,0.4353811631997089,0.5096187974728473,0.4695839874411303,0.5921636154710567,0.5992174474027784,0.5936038473264432,0.6485668196957518,0.6314509714805135,0.638220559105659,0.6314509714805135,0.6379572255312387,1704192814.622026,0.015570402145385742,"{'priors': None, 'var_smoothing': 1e-09}"
