,precision-Non-Fatal,recall-Non-Fatal,f1-score-Non-Fatal,precision-Fatal,recall-Fatal,f1-score-Fatal,precision-macro avg,recall-macro avg,f1-score-macro avg,precision-weighted avg,recall-weighted avg,f1-score-weighted avg,accuracy,auroc,train_time,score_time,params
KNearestNeighborsClassifier,0.6122582759750901,0.12487465739688482,0.20744031093836757,0.3092367358784265,0.832043728260098,0.45089440276976334,0.4607475059267583,0.4784591928284914,0.32916735685406545,0.5152541983625074,0.35125553914327917,0.28537549538624557,0.35125553914327917,0.4784591928284914,0.04200601577758789,46.52308011054993,"{'algorithm': 'brute', 'metric': 'minkowski', 'n_neighbors': 1, 'p': 2, 'weights': 'uniform'}"
