,precision-Non-Fatal,recall-Non-Fatal,f1-score-Non-Fatal,precision-Fatal,recall-Fatal,f1-score-Fatal,precision-macro avg,recall-macro avg,f1-score-macro avg,precision-weighted avg,recall-weighted avg,f1-score-weighted avg,accuracy,auroc,train_time,score_time,params
KNearestNeighborsClassifier,0.7481848285080658,0.8231833678721839,0.78389432641044,0.5229076479076479,0.4115851494285511,0.46061569016881826,0.6355462382078568,0.6173842586503675,0.6222550082896291,0.6760684862033711,0.6914214293830246,0.6804054922157865,0.6914214293830246,0.6924011526301845,0.4175834655761719,125.31542420387268,"{'algorithm': 'brute', 'metric': 'minkowski', 'n_neighbors': 251, 'p': 1, 'weights': 'distance'}"
