,precision-Non-Fatal,recall-Non-Fatal,f1-score-Non-Fatal,precision-Fatal,recall-Fatal,f1-score-Fatal,precision-macro avg,recall-macro avg,f1-score-macro avg,precision-weighted avg,recall-weighted avg,f1-score-weighted avg,accuracy,auroc,train_time,score_time,params
MultinomialNB,0.7542031143371177,0.8126880139046728,0.7823540768389214,0.5237528681907028,0.4374955632852985,0.47675408060648256,0.6389779912639102,0.6250917885949856,0.629554078722702,0.6804307562536148,0.6925803885922054,0.684524576851957,0.6925803885922054,0.696040761811966,1704192820.172482,0.018096208572387695,"{'alpha': 1.0, 'class_prior': None, 'fit_prior': True, 'force_alpha': 'warn'}"
