,precision-Non-Fatal,recall-Non-Fatal,f1-score-Non-Fatal,precision-Fatal,recall-Fatal,f1-score-Fatal,precision-macro avg,recall-macro avg,f1-score-macro avg,precision-weighted avg,recall-weighted avg,f1-score-weighted avg,accuracy,auroc,train_time,score_time,params
NaiveBayesMixedClassifier over,0.7777416311526074,0.7990841633799051,0.7882684603590681,0.5468867782300618,0.5150138425498687,0.5304719774796183,0.6623142046913346,0.6570490029648869,0.6593702189193431,0.7038397492500986,0.7081468014998296,0.7057419507732753,0.7081468014998296,0.733980978641732,0.15079402923583984,0.016948938369750977,None
