,precision-Non-Fatal,recall-Non-Fatal,f1-score-Non-Fatal,precision-Fatal,recall-Fatal,f1-score-Fatal,precision-macro avg,recall-macro avg,f1-score-macro avg,precision-weighted avg,recall-weighted avg,f1-score-weighted avg,accuracy,auroc,train_time,score_time,params
NaiveBayesMixedClassifier,0.7490814844350773,0.8791028812086369,0.8089006443279152,0.5933213402293681,0.3746006956768652,0.45924894478047085,0.6712014123322227,0.626851788442751,0.634074794554193,0.6992191244435803,0.7176002726962845,0.69696919354903,0.7176002726962845,0.7339347767786836,0.13766813278198242,0.021628856658935547,"MixedNB(alpha=0.5, var_smoothing=1e-09)"
