,precision-Non-Fatal,recall-Non-Fatal,f1-score-Non-Fatal,precision-Fatal,recall-Fatal,f1-score-Fatal,precision-macro avg,recall-macro avg,f1-score-macro avg,precision-weighted avg,recall-weighted avg,f1-score-weighted avg,accuracy,auroc,train_time,score_time,params
NaiveBayesMixedClassifier SMOTE,0.7805588273786154,0.7974129286717027,0.7888958698455738,0.549066289710587,0.5238872719528643,0.5361813426329555,0.6648125585446012,0.6606501003122836,0.6625386062392646,0.7064528081051347,0.7098511532780366,0.70799620969686,0.7098511532780366,0.7345272530321194,0.1466372013092041,0.01893901824951172,None
