,precision-Non-Fatal,recall-Non-Fatal,f1-score-Non-Fatal,precision-Fatal,recall-Fatal,f1-score-Fatal,precision-macro avg,recall-macro avg,f1-score-macro avg,precision-weighted avg,recall-weighted avg,f1-score-weighted avg,accuracy,auroc,train_time,score_time,params
NearestCentroidClassifier,0.7973468098547063,0.6328297346079284,0.7056258502133687,0.45779861796643634,0.6584084617022787,0.5400762803156025,0.6275727139105713,0.6456190981551035,0.6228510652644856,0.6886497213618064,0.641018066128849,0.6526296727074072,0.641018066128849,,0.030996322631835938,0.024638891220092773,{'metric': 'euclidean'}
