,precision-Non-Fatal,recall-Non-Fatal,f1-score-Non-Fatal,precision-Fatal,recall-Fatal,f1-score-Fatal,precision-macro avg,recall-macro avg,f1-score-macro avg,precision-weighted avg,recall-weighted avg,f1-score-weighted avg,accuracy,auroc,train_time,score_time,params
NearestCentroidClassifier,0.6797587893958357,0.9984624640684537,0.8088488146974805,0.23333333333333334,0.000993824093135515,0.0019792182088075212,0.45654606136458453,0.49972814408079463,0.405414016453144,0.5368478611024038,0.6791500965799341,0.5505515301676331,0.6791500965799341,,0.04399704933166504,0.024997949600219727,{'metric': 'euclidean'}
