,precision-Non-Fatal,recall-Non-Fatal,f1-score-Non-Fatal,precision-Fatal,recall-Fatal,f1-score-Fatal,precision-macro avg,recall-macro avg,f1-score-macro avg,precision-weighted avg,recall-weighted avg,f1-score-weighted avg,accuracy,auroc,train_time,score_time,params
NearestCentroidClassifier,0.8087222647283856,0.6006083294337857,0.6892993459539292,0.4515285045442027,0.6983034002981472,0.5484347559445822,0.6301253846362942,0.6494558648659665,0.6188670509492558,0.694376429034383,0.6318827405976594,0.6442053911882963,0.6318827405976594,,0.029000520706176758,0.021177291870117188,{'metric': 'euclidean'}
