,precision-Non-Fatal,recall-Non-Fatal,f1-score-Non-Fatal,precision-Fatal,recall-Fatal,f1-score-Fatal,precision-macro avg,recall-macro avg,f1-score-macro avg,precision-weighted avg,recall-weighted avg,f1-score-weighted avg,accuracy,auroc,train_time,score_time,params
NearestCentroidClassifier,0.7996307535598328,0.629748474972842,0.7045943267450776,0.4581651869787463,0.6648802129547471,0.5424980452347167,0.6288979702692896,0.6473143439637945,0.6235461859898972,0.6903159900281647,0.6409953414384729,0.6527017834936922,0.6409953414384729,,0.04399704933166504,0.03100132942199707,{'metric': 'euclidean'}
