,precision-Non-Fatal,recall-Non-Fatal,f1-score-Non-Fatal,precision-Fatal,recall-Fatal,f1-score-Fatal,precision-macro avg,recall-macro avg,f1-score-macro avg,precision-weighted avg,recall-weighted avg,f1-score-weighted avg,accuracy,auroc,train_time,score_time,params
NearestCentroidClassifier,0.7986933095753256,0.6292532923323751,0.7039204322384041,0.45717921111872367,0.6631646198622844,0.5412357695315894,0.6279362603470247,0.6462089560973298,0.6225781008849967,0.6893668897376218,0.6401090785138053,0.651841376595843,0.6401090785138053,,0.02399897575378418,0.0110015869140625,{'metric': 'euclidean'}
