,mean_fit_time,std_fit_time,mean_score_time,std_score_time,param_metric,params,split0_test_score,split1_test_score,split2_test_score,split3_test_score,split4_test_score,mean_test_score,std_test_score,rank_test_score
NearestCentroidClassifier,0.30707273483276365,0.022256305022558202,0.08150954246520996,0.012544839417431541,euclidean,{'nc__metric': 'euclidean'},0.5416787685158292,0.5466168653929033,0.5360629462334257,0.5459646094087182,0.5413335289371378,0.5423313436976029,0.0038021207598241606,1
