,precision-Non-Fatal,recall-Non-Fatal,f1-score-Non-Fatal,precision-Fatal,recall-Fatal,f1-score-Fatal,precision-macro avg,recall-macro avg,f1-score-macro avg,precision-weighted avg,recall-weighted avg,f1-score-weighted avg,accuracy,auroc,train_time,score_time,params
NearestCentroidClassifier,0.6797660765484913,0.9984958887626179,0.8088649409725982,0.23728813559322035,0.000993824093135515,0.0019793581224374383,0.45852710607085584,0.4997448564278767,0.4054221495475178,0.5381188375020897,0.6791728212703102,0.550562538845335,0.6791728212703102,,0.03968930244445801,0.0230100154876709,{'metric': 'euclidean'}
