,precision-Non-Fatal,recall-Non-Fatal,f1-score-Non-Fatal,precision-Fatal,recall-Fatal,f1-score-Fatal,precision-macro avg,recall-macro avg,f1-score-macro avg,precision-weighted avg,recall-weighted avg,f1-score-weighted avg,accuracy,auroc,train_time,score_time,params
RipperClassifier,0.729375974640182,0.9536399491944648,0.8265662345187224,0.7162438625204582,0.24852701071910271,0.3690118577075099,0.7228099185803201,0.6010834799567838,0.5977890461131161,0.7251720872766881,0.727917282127031,0.6800926859188008,0.727917282127031,0.603318734727813,702.6222200393677,286.9622600078583,"{'k': 2, 'prune_size': 0.5}"
