,precision-Non-Fatal,recall-Non-Fatal,f1-score-Non-Fatal,precision-Fatal,recall-Fatal,f1-score-Fatal,precision-macro avg,recall-macro avg,f1-score-macro avg,precision-weighted avg,recall-weighted avg,f1-score-weighted avg,accuracy,auroc,train_time,score_time,params
RipperClassifier SMOTE,0.7366095935171872,0.9418744568487198,0.8266909186921508,0.6975652173913044,0.28473060268332506,0.4043958259817513,0.7170874054542458,0.6133025297660224,0.615543372336951,0.7241106018915694,0.7315077832064538,0.6915046677885853,0.7315077832064538,0.6160064325844087,1446.8757388591766,0.7565991878509521,"{'k': 2, 'prune_size': 0.5}"
