,precision-Non-Fatal,recall-Non-Fatal,f1-score-Non-Fatal,precision-Fatal,recall-Fatal,f1-score-Fatal,precision-macro avg,recall-macro avg,f1-score-macro avg,precision-weighted avg,recall-weighted avg,f1-score-weighted avg,accuracy,auroc,train_time,score_time,params
RipperClassifier over,0.7736033476893002,0.8465472290928538,0.8084332157620059,0.5924906799218889,0.47384113011996876,0.5265649035617088,0.6830470138055945,0.6601941796064112,0.6674990596618573,0.7156250690655183,0.7272355414157482,0.7182007668592543,0.7272355414157482,0.6698432068880181,520.4771418571472,0.4536161422729492,"{'k': 2, 'prune_size': 0.5}"
