,precision-Non-Fatal,recall-Non-Fatal,f1-score-Non-Fatal,precision-Fatal,recall-Fatal,f1-score-Fatal,precision-macro avg,recall-macro avg,f1-score-macro avg,precision-weighted avg,recall-weighted avg,f1-score-weighted avg,accuracy,auroc,train_time,score_time,params
SupportVectorMachineClassifier,0.8464261049723757,0.6554582525569891,0.7388011905210414,0.5053030666602678,0.7474267054731313,0.6029664414156455,0.6758645858163217,0.7014424790150602,0.6708838159683435,0.7372248723692019,0.6848994432450858,0.6953174020731898,0.6848994432450858,0.7764879976495513,11053.76968050003,133.44597625732422,"{'C': 3.5, 'class_weight': 'balanced', 'degree': 4, 'gamma': 'scale', 'kernel': 'poly', 'probability': True}"
