,DecisionTreeClassifier,RandomForestClassifier,SupportVectorMachineClassifier,ExtremeGradientBoostingClassifier,NeuralNetworkClassifier
mean faithfulness,-0.2634499463482947,-0.2938493721555597,-0.13894590825907158,-0.3194654244021678,-0.039935298728268676
std faithfulness,0.6381291622115122,0.7111634470063869,0.1650303345180833,0.6995784212640709,0.20005983051739853
