,DecisionTreeClassifier,RandomForestClassifier,SupportVectorMachineClassifier,ExtremeGradientBoostingClassifier,NeuralNetworkClassifier
mean faithfulness,0.029808583073733304,0.029808583073733304,0.029808583073733304,0.029808583073733304,0.029808583073733304
std faithfulness,0.6784033135612793,0.6784033135612793,0.6784033135612793,0.6784033135612793,0.6784033135612793
