,DecisionTreeClassifier,RandomForestClassifier,ExtremeGradientBoostingClassifier,NeuralNetworkClassifier
mean faithfulness,0.07615548742428327,0.07615548742428327,0.07615548742428327,0.07615548742428327
std faithfulness,0.8145845760311043,0.8145845760311043,0.8145845760311043,0.8145845760311043
