,DecisionTreeClassifier,RandomForestClassifier,SupportVectorMachineClassifier,ExtremeGradientBoostingClassifier,NeuralNetworkClassifier
mean faithfulness,-0.2634499463482947,-0.2938493721555597,-0.28397620823591013,-0.3194654244021678,-0.02360541102413463
std faithfulness,0.6381291622115122,0.7111634470063868,0.3084197967003122,0.6995784212640709,0.22278451041687564
