,SSE,BSS,davies_bouldin_score,calinski_harabasz_score,silhouette_score
SOM,49286.3586228161,44254.57375185391,2.039500491927347,26023.717731905082,0.2437122907414541
